<?xml version="1.0" encoding="UTF-8" standalone="yes"?>
<ns2:ExportManifest xmlns:ns2="http://www.pentaho.com/schema/">
    <ExportManifestInformation exportDate="12-07-2015 10:40:51 IST" exportBy="admin" rootFolder="/home/admin/hack/" manifestVersion="2"/>
    <ExportManifestEntity path="Final_Hack">
        <ExportManifestProperty>
            <EntityMetaData name="Final_Hack" createdDate="2015-07-12T02:14:33.148+05:30" isFolder="true" path="Final_Hack" isHidden="false" locale="en_US" title="Final_Hack"/>
        </ExportManifestProperty>
        <ExportManifestProperty>
            <EntityAcl>
                <entriesInheriting>true</entriesInheriting>
                <owner>admin</owner>
                <ownerType>USER</ownerType>
            </EntityAcl>
        </ExportManifestProperty>
    </ExportManifestEntity>
    <ExportManifestEntity path="Final_Hack/Drug_Consumption.cda">
        <ExportManifestProperty>
            <EntityMetaData name="Drug_Consumption.cda" createdDate="2015-07-12T02:16:48.564+05:30" isFolder="false" path="Final_Hack/Drug_Consumption.cda" isHidden="false" locale="en_US" title="Drug_Consumption.cda"/>
        </ExportManifestProperty>
        <ExportManifestProperty>
            <EntityAcl>
                <entriesInheriting>true</entriesInheriting>
                <owner>admin</owner>
                <ownerType>USER</ownerType>
            </EntityAcl>
        </ExportManifestProperty>
    </ExportManifestEntity>
    <ExportManifestEntity path="Final_Hack/Drug_Consumption.cdfde">
        <ExportManifestProperty>
            <EntityMetaData name="Drug_Consumption.cdfde" createdDate="2015-07-12T02:16:48.517+05:30" isFolder="false" path="Final_Hack/Drug_Consumption.cdfde" isHidden="false" locale="en_US" title="Drug_Consumption.cdfde"/>
        </ExportManifestProperty>
        <ExportManifestProperty>
            <EntityAcl>
                <entriesInheriting>true</entriesInheriting>
                <owner>admin</owner>
                <ownerType>USER</ownerType>
            </EntityAcl>
        </ExportManifestProperty>
    </ExportManifestEntity>
    <ExportManifestEntity path="Final_Hack/Drug_Consumption.wcdf">
        <ExportManifestProperty>
            <EntityMetaData name="Drug_Consumption.wcdf" createdDate="2015-07-12T02:16:48.470+05:30" isFolder="false" path="Final_Hack/Drug_Consumption.wcdf" isHidden="false" locale="en_US" description="Drug_Consumption" title="Drug_Consumption"/>
        </ExportManifestProperty>
        <ExportManifestProperty>
            <EntityAcl>
                <entriesInheriting>true</entriesInheriting>
                <owner>admin</owner>
                <ownerType>USER</ownerType>
            </EntityAcl>
        </ExportManifestProperty>
    </ExportManifestEntity>
    <ExportManifestEntity path="Final_Hack/Encounter.cda">
        <ExportManifestProperty>
            <EntityMetaData name="Encounter.cda" createdDate="2015-07-12T02:15:05.839+05:30" isFolder="false" path="Final_Hack/Encounter.cda" isHidden="false" locale="en_US" title="Encounter.cda"/>
        </ExportManifestProperty>
        <ExportManifestProperty>
            <EntityAcl>
                <entriesInheriting>true</entriesInheriting>
                <owner>admin</owner>
                <ownerType>USER</ownerType>
            </EntityAcl>
        </ExportManifestProperty>
    </ExportManifestEntity>
    <ExportManifestEntity path="Final_Hack/Encounter.cdfde">
        <ExportManifestProperty>
            <EntityMetaData name="Encounter.cdfde" createdDate="2015-07-12T02:15:05.761+05:30" isFolder="false" path="Final_Hack/Encounter.cdfde" isHidden="false" locale="en_US" title="Encounter.cdfde"/>
        </ExportManifestProperty>
        <ExportManifestProperty>
            <EntityAcl>
                <entriesInheriting>true</entriesInheriting>
                <owner>admin</owner>
                <ownerType>USER</ownerType>
            </EntityAcl>
        </ExportManifestProperty>
    </ExportManifestEntity>
    <ExportManifestEntity path="Final_Hack/Encounter.wcdf">
        <ExportManifestProperty>
            <EntityMetaData name="Encounter.wcdf" createdDate="2015-07-12T02:15:05.725+05:30" isFolder="false" path="Final_Hack/Encounter.wcdf" isHidden="false" locale="en_US" description="Encounter" title="Encounter"/>
        </ExportManifestProperty>
        <ExportManifestProperty>
            <EntityAcl>
                <entriesInheriting>true</entriesInheriting>
                <owner>admin</owner>
                <ownerType>USER</ownerType>
            </EntityAcl>
        </ExportManifestProperty>
    </ExportManifestEntity>
    <ExportManifestEntity path="Final_Hack/Monthly_Encounters.cda">
        <ExportManifestProperty>
            <EntityMetaData name="Monthly_Encounters.cda" createdDate="2015-07-12T05:49:25.615+05:30" isFolder="false" path="Final_Hack/Monthly_Encounters.cda" isHidden="false" locale="en_US" title="Monthly_Encounters.cda"/>
        </ExportManifestProperty>
        <ExportManifestProperty>
            <EntityAcl>
                <entriesInheriting>true</entriesInheriting>
                <owner>admin</owner>
                <ownerType>USER</ownerType>
            </EntityAcl>
        </ExportManifestProperty>
    </ExportManifestEntity>
    <ExportManifestEntity path="Final_Hack/Monthly_Encounters.cdfde">
        <ExportManifestProperty>
            <EntityMetaData name="Monthly_Encounters.cdfde" createdDate="2015-07-12T05:49:25.498+05:30" isFolder="false" path="Final_Hack/Monthly_Encounters.cdfde" isHidden="false" locale="en_US" title="Monthly_Encounters.cdfde"/>
        </ExportManifestProperty>
        <ExportManifestProperty>
            <EntityAcl>
                <entriesInheriting>true</entriesInheriting>
                <owner>admin</owner>
                <ownerType>USER</ownerType>
            </EntityAcl>
        </ExportManifestProperty>
    </ExportManifestEntity>
    <ExportManifestEntity path="Final_Hack/Monthly_Encounters.wcdf">
        <ExportManifestProperty>
            <EntityMetaData name="Monthly_Encounters.wcdf" createdDate="2015-07-12T05:49:25.391+05:30" isFolder="false" path="Final_Hack/Monthly_Encounters.wcdf" isHidden="false" locale="en_US" description="Monthly_Encounters" title="Monthly_Encounters"/>
        </ExportManifestProperty>
        <ExportManifestProperty>
            <EntityAcl>
                <entriesInheriting>true</entriesInheriting>
                <owner>admin</owner>
                <ownerType>USER</ownerType>
            </EntityAcl>
        </ExportManifestProperty>
    </ExportManifestEntity>
    <ExportManifestEntity path="Final_Hack/Monthly_Encounters_tmp.cda">
        <ExportManifestProperty>
            <EntityMetaData name="Monthly_Encounters_tmp.cda" createdDate="2015-07-12T10:23:49.289+05:30" isFolder="false" path="Final_Hack/Monthly_Encounters_tmp.cda" isHidden="false" locale="en_US" title="Monthly_Encounters_tmp.cda"/>
        </ExportManifestProperty>
        <ExportManifestProperty>
            <EntityAcl>
                <entriesInheriting>true</entriesInheriting>
                <owner>admin</owner>
                <ownerType>USER</ownerType>
            </EntityAcl>
        </ExportManifestProperty>
    </ExportManifestEntity>
    <ExportManifestEntity path="Final_Hack/Monthly_Encounters_tmp.cdfde">
        <ExportManifestProperty>
            <EntityMetaData name="Monthly_Encounters_tmp.cdfde" createdDate="2015-07-12T10:23:49.185+05:30" isFolder="false" path="Final_Hack/Monthly_Encounters_tmp.cdfde" isHidden="false" locale="en_US" title="Monthly_Encounters_tmp.cdfde"/>
        </ExportManifestProperty>
        <ExportManifestProperty>
            <EntityAcl>
                <entriesInheriting>true</entriesInheriting>
                <owner>admin</owner>
                <ownerType>USER</ownerType>
            </EntityAcl>
        </ExportManifestProperty>
    </ExportManifestEntity>
    <ExportManifestEntity path="Final_Hack/Monthly_Encounters_tmp.wcdf">
        <ExportManifestProperty>
            <EntityMetaData name="Monthly_Encounters_tmp.wcdf" createdDate="2015-07-12T10:23:48.931+05:30" isFolder="false" path="Final_Hack/Monthly_Encounters_tmp.wcdf" isHidden="false" locale="en_US" title="Monthly_Encounters_tmp.wcdf"/>
        </ExportManifestProperty>
        <ExportManifestProperty>
            <EntityAcl>
                <entriesInheriting>true</entriesInheriting>
                <owner>admin</owner>
                <ownerType>USER</ownerType>
            </EntityAcl>
        </ExportManifestProperty>
    </ExportManifestEntity>
</ns2:ExportManifest>
